{"name":"bade7afc-2cbf-4617-92e0-aae431769abc","id":"/providers/Microsoft.Flow/flows/bade7afc-2cbf-4617-92e0-aae431769abc","type":"Microsoft.Flow/flows","properties":{"apiId":"/providers/Microsoft.PowerApps/apis/shared_logicflows","displayName":"SQL Refresh Failure process","definition":{"metadata":{"workflowEntityId":null,"creator":{"id":"17e3ce08-814d-44bb-8c75-291ff0a23321","type":"User","tenantId":"5c8085d9-1e88-4bb6-b5bd-e6e6d5b5babd"},"provisioningMethod":"FromDefinition","failureAlertSubscription":true,"clientLastModifiedTime":"2020-01-06T03:03:04.1418827Z"},"$schema":"https://schema.management.azure.com/providers/Microsoft.Logic/schemas/2016-06-01/workflowdefinition.json#","contentVersion":"1.0.0.0","parameters":{"$connections":{"defaultValue":{},"type":"Object"},"$authentication":{"defaultValue":{},"type":"SecureObject"}},"triggers":{"If_SQL_refresh_fails_for_WorldWideImporters":{"recurrence":{"frequency":"Minute","interval":1},"type":"OpenApiConnection","inputs":{"host":{"apiId":"/providers/Microsoft.PowerApps/apis/shared_powerbi","connectionName":"shared_powerbi","operationId":"CheckAlertStatus"},"parameters":{"alertId":"30660_"},"authentication":"@parameters('$authentication')"}}},"actions":{"Create_a_bug_in_DevOps":{"runAfter":{},"type":"OpenApiConnection","inputs":{"host":{"apiId":"/providers/Microsoft.PowerApps/apis/shared_visualstudioteamservices","connectionName":"shared_visualstudioteamservices","operationId":"CreateWorkItem"},"parameters":{"account":"vcg","project":"WSET","type":"Bug","workItem/title":"@{triggerOutputs()?['body/alertTitle']} ","workItem/description":"SQL refresh went above the threshhold of @{triggerOutputs()?['body/alertThreshold']}."},"authentication":"@parameters('$authentication')"}},"Alert_end-users_via_Teams_message":{"runAfter":{"Create_a_bug_in_DevOps":["Succeeded"]},"type":"OpenApiConnection","inputs":{"host":{"apiId":"/providers/Microsoft.PowerApps/apis/shared_teams","connectionName":"shared_teams","operationId":"PostMessageToChannelV3"},"parameters":{"groupId":"19b04ec7-0d46-4223-be30-b4cc5d918600","channelId":"19:912eab4401224e0b97ba97893906b7a2@thread.skype","body/body/content":"<p>Testing Power Automate for PPIAD. Please ignore.<br>\n<br>\nHey SQL team. A SQL refresh is out of date per this PBI Alert: @{triggerOutputs()?['body/alertTitle']}. Click the following link to see it: @{triggerOutputs()?['body/tileUrl']}</p>"},"authentication":"@parameters('$authentication')"}},"Log_Bug_in_ErrorLog_table":{"runAfter":{"Alert_end-users_via_Teams_message":["Succeeded"]},"type":"OpenApiConnection","inputs":{"host":{"apiId":"/providers/Microsoft.PowerApps/apis/shared_sql","connectionName":"shared_sql_2","operationId":"PostItem_V2"},"parameters":{"server":"default","database":"default","table":"[dbo].[ErrorLog]","item/ErrorDate":"@utcNow()","item/ErrorName":"@triggerOutputs()?['body/alertTitle']"},"authentication":"@parameters('$authentication')"}}},"description":"Use this template to trigger a Flow when a Power BI data-driven alert is triggered. For example, you could add an action to send an e-mail to any audience, or perhaps add an issue to GitHub."},"connectionReferences":{"shared_visualstudioteamservices":{"connectionName":"shared-visualstudiot-03e08653-e974-4064-98e2-bc3701fedda9","source":"Embedded","id":"/providers/Microsoft.PowerApps/apis/shared_visualstudioteamservices","tier":"NotSpecified"},"shared_teams":{"connectionName":"shared-teams-fdf74551-9fce-40d0-b56e-369a28d2149b","source":"Embedded","id":"/providers/Microsoft.PowerApps/apis/shared_teams","tier":"NotSpecified"},"shared_sql_2":{"connectionName":"8ebfafba9c2d49ecacfdc7a7cdc3e10e","source":"Embedded","id":"/providers/Microsoft.PowerApps/apis/shared_sql","tier":"NotSpecified"},"shared_powerbi":{"connectionName":"shared-powerbi-ff8abc9e-b881-4641-806c-7eddc70db03a","source":"Embedded","id":"/providers/Microsoft.PowerApps/apis/shared_powerbi","tier":"NotSpecified"}},"flowFailureAlertSubscribed":false}}