{"schemaVersion":"1.0","appDefinitionTemplate":{"id":"/providers/Microsoft.PowerApps/apps/","type":"Microsoft.PowerApps/apps","tags":{"minimumRequiredApiVersion":"2.2.0"},"properties":{"appVersion":"2020-01-06T03:37:47Z","lifeCycleId":"Published","createdByClientVersion":{"major":3,"minor":19115,"build":0,"revision":0,"majorRevision":0,"minorRevision":0},"minClientVersion":{"major":3,"minor":19115,"build":0,"revision":0,"majorRevision":0,"minorRevision":0},"backgroundColor":"rgba(0, 176, 240, 1)","backgroundImageUri":"/473749080460604073/Na8dca8e6-eb8f-4251-a325-f6e6f7c05699-logoSmallFile","displayName":"Assign Stretch Goal","description":"","commitMessage":"","appUris":{"documentUri":{"value":"/473749080460604073/N243c0158-2276-4b48-ac40-7ee5e5e06612-document.msapp","readonlyValue":"/473749080460604073/N243c0158-2276-4b48-ac40-7ee5e5e06612-document.msapp"},"imageUris":[]},"createdTime":"0001-01-01T00:00:00Z","lastModifiedTime":"0001-01-01T00:00:00Z","sharedGroupsCount":0,"sharedUsersCount":0,"icons":{"smallIconUri":"/473749080460604073/Ne2d4b44f-f940-4786-96c5-882f421c9641-small.png","mediumIconUri":"/473749080460604073/N208efce3-ff26-49e6-a079-d38242981e37-medium.png","largeIconUri":"/473749080460604073/N51b989b3-3691-43f6-b57a-03e45066f960-large.png","wideIconUri":"/473749080460604073/N160f41b5-e875-4579-983a-8dc99f97bf74-wide.png"},"connectionReferences":{"de83e8e7-4197-47a9-a2be-7b527d67a1bc":{"id":"61d292ef-7d20-42b4-946a-c85b4cc294b4","displayName":"SQL Server","iconUri":"https://connectoricons-prod.azureedge.net/sql/icon_1.0.1294.1815.png","dataSources":["[Fact].[TerritoryQuarterlyGoals]"],"dependencies":[],"dependents":[],"parameterHints":{},"isOnPremiseConnection":false,"sharedConnectionId":"f99a374f-485d-4581-8933-20bfb3967646","bypassConsent":false,"dataSets":{"ppiad.database.windows.net,WideWorldImportersDW":{"dataSources":{"[Fact].[TerritoryQuarterlyGoals]":{"tableName":"[Fact].[TerritoryQuarterlyGoals]"}}}},"apiTier":"Premium","isCustomApiConnection":false}},"databaseReferences":{},"almMode":"Environment","performanceOptimizationEnabled":false,"canConsumeAppPass":true},"isAppComponentLibrary":false,"appComponents":[]}}