{"name":"018d281b-0b22-4725-8123-5e49bc2614b0","id":"/providers/Microsoft.Flow/flows/018d281b-0b22-4725-8123-5e49bc2614b0","type":"Microsoft.Flow/flows","properties":{"apiId":"/providers/Microsoft.PowerApps/apis/shared_logicflows","displayName":"New England Profit Goal","definition":{"metadata":{"workflowEntityId":null,"creator":{"id":"17e3ce08-814d-44bb-8c75-291ff0a23321","type":"User","tenantId":"5c8085d9-1e88-4bb6-b5bd-e6e6d5b5babd"},"provisioningMethod":"FromDefinition","failureAlertSubscription":true,"clientLastModifiedTime":"2020-01-06T02:43:55.0605847Z"},"$schema":"https://schema.management.azure.com/providers/Microsoft.Logic/schemas/2016-06-01/workflowdefinition.json#","contentVersion":"1.0.0.0","parameters":{"$connections":{"defaultValue":{},"type":"Object"},"$authentication":{"defaultValue":{},"type":"SecureObject"}},"triggers":{"When_New_England_team_hits_their_profit_goals":{"recurrence":{"frequency":"Minute","interval":1},"type":"OpenApiConnection","inputs":{"host":{"apiId":"/providers/Microsoft.PowerApps/apis/shared_powerbi","connectionName":"shared_powerbi","operationId":"CheckAlertStatus"},"parameters":{"alertId":"33450_19b04ec7-0d46-4223-be30-b4cc5d918600"},"authentication":"@parameters('$authentication')"}}},"actions":{"Congratulate_team_on_Msft_Teams":{"runAfter":{"Send_an_email_(V2)_2":["Succeeded"]},"type":"OpenApiConnection","inputs":{"host":{"apiId":"/providers/Microsoft.PowerApps/apis/shared_teams","connectionName":"shared_teams","operationId":"PostMessageToChannelV3"},"parameters":{"groupId":"19b04ec7-0d46-4223-be30-b4cc5d918600","channelId":"19:912eab4401224e0b97ba97893906b7a2@thread.skype","body/body/content":"<p>Testing Power Automate flow for PPIAD. Please ignore.<br>\n<br>\nWell done New England team! Looks like someone hit their sales goals! Currently you are @{triggerOutputs()?['body/tileValue']} % above your current quarter goals! Keep rocking it!</p>"},"authentication":"@parameters('$authentication')"}},"Get_approval_for_Team_Lunch":{"runAfter":{"Congratulate_team_on_Msft_Teams":["Succeeded"]},"type":"OpenApiConnection","inputs":{"host":{"apiId":"/providers/Microsoft.PowerApps/apis/shared_approvals","connectionName":"shared_approvals","operationId":"CreateAnApproval"},"parameters":{"approvalType":"BasicAwaitAll","ApprovalCreationInput/title":"Approve Team Lunch","ApprovalCreationInput/assignedTo":"jhobbs@valorem.com","ApprovalCreationInput/details":"@{triggerOutputs()?['body/alertTitle']} \nTeam is @{triggerOutputs()?['body/tileValue']}above their goal. Approve a $20/head team lunch.","ApprovalCreationInput/enableNotifications":true,"ApprovalCreationInput/enableReassignment":true},"authentication":"@parameters('$authentication')"}},"If_approved,_email_sales_manager":{"actions":{"Send_an_email_(V2)":{"runAfter":{},"type":"OpenApiConnection","inputs":{"host":{"apiId":"/providers/Microsoft.PowerApps/apis/shared_office365","connectionName":"shared_office365","operationId":"SendEmailV2"},"parameters":{"emailMessage/To":"jhobbs@valorem.com","emailMessage/Subject":"Approval for team lunch","emailMessage/Body":"<p>Finance has approved a team lunch for you and your team to celebrate reaching your quarterly profit goals. You have a budget of $20/employee.</p>"},"authentication":"@parameters('$authentication')"}}},"runAfter":{"Get_approval_for_Team_Lunch":["Succeeded"]},"expression":{"equals":["","Approve"]},"type":"If"},"Send_an_email_(V2)_2":{"runAfter":{},"type":"OpenApiConnection","inputs":{"host":{"apiId":"/providers/Microsoft.PowerApps/apis/shared_office365","connectionName":"shared_office365","operationId":"SendEmailV2"},"parameters":{"emailMessage/To":"jhobbs@valorem.com","emailMessage/Subject":"Assign Stretch Goal to New England","emailMessage/Body":"<p>The New England team exceeded their profit goal. Please add a stretch goal for the team.</p>"},"authentication":"@parameters('$authentication')"}}},"description":"Use this template to trigger a Flow when a Power BI data-driven alert is triggered. For example, you could add an action to send an e-mail to any audience, or perhaps add an issue to GitHub."},"connectionReferences":{"shared_powerbi":{"connectionName":"shared-powerbi-ff8abc9e-b881-4641-806c-7eddc70db03a","source":"Embedded","id":"/providers/Microsoft.PowerApps/apis/shared_powerbi","tier":"NotSpecified"},"shared_teams":{"connectionName":"shared-teams-fdf74551-9fce-40d0-b56e-369a28d2149b","source":"Embedded","id":"/providers/Microsoft.PowerApps/apis/shared_teams","tier":"NotSpecified"},"shared_approvals":{"connectionName":"shared-approvals-db4dfd2e-4fa8-42c2-81a5-d05e1a83dc37","source":"Embedded","id":"/providers/Microsoft.PowerApps/apis/shared_approvals","tier":"NotSpecified"},"shared_office365":{"connectionName":"0dd525f58a274cf4b758f42dc384c575","source":"Embedded","id":"/providers/Microsoft.PowerApps/apis/shared_office365","tier":"NotSpecified"}},"flowFailureAlertSubscribed":false}}