{"schemaVersion":"1.0","appDefinitionTemplate":{"id":"/providers/Microsoft.PowerApps/apps/","type":"Microsoft.PowerApps/apps","tags":{"minimumRequiredApiVersion":"2.2.0"},"properties":{"appVersion":"2019-10-04T14:14:41Z","lifeCycleId":"Published","createdByClientVersion":{"major":3,"minor":19093,"build":16,"revision":0,"majorRevision":0,"minorRevision":0},"minClientVersion":{"major":3,"minor":19093,"build":16,"revision":0,"majorRevision":0,"minorRevision":0},"backgroundColor":"rgba(0, 123, 182, 1)","backgroundImageUri":"/12634500374243810391/Ncc958c75-bbd8-4d2b-9ef2-b68e8478aa9f-logoSmallFile","displayName":"Recognition App","description":"This fun app encourages coworkers to share job—related compliments, including automated email notifications sent to recipients’ managers.","commitMessage":"","appUris":{"documentUri":{"value":"/12634500374243810391/N9ea7f13c-04cc-464c-a158-7484753b14bc-document.msapp","readonlyValue":"/12634500374243810391/N9ea7f13c-04cc-464c-a158-7484753b14bc-document.msapp"},"imageUris":[]},"createdTime":"0001-01-01T00:00:00Z","lastModifiedTime":"0001-01-01T00:00:00Z","sharedGroupsCount":0,"sharedUsersCount":0,"icons":{"smallIconUri":"/12634500374243810391/Na5f9f660-d969-4cd4-a6e4-2f22492d185b-small.png","mediumIconUri":"/12634500374243810391/Nccd3a933-ca04-49df-92ad-284376c8399e-medium.png","largeIconUri":"/12634500374243810391/Nb75c91e6-933a-4387-b8b9-6c038330a8b7-large.png","wideIconUri":"/12634500374243810391/N7bce13ad-9e52-4b4e-934f-a7d813dfb45e-wide.png"},"connectionReferences":{"df131bc9-e206-0b17-f433-e971434a6b3d":{"id":"e0d580fc-ff2f-4ea1-b394-4888dbc4500c","displayName":"Office 365 Users","iconUri":"https://connectoricons-prod.azureedge.net/office365users/icon_1.0.1258.1715.png","dataSources":["Office365Users"],"dependencies":[],"dependents":[],"parameterHints":{},"isOnPremiseConnection":false,"dataSets":{},"apiTier":"Standard","isCustomApiConnection":false}},"databaseReferences":{},"almMode":"Environment"},"appComponents":[]}}